{
  "test_loss": 0.4881144165992737,
  "test_accuracy": 0.699999988079071
}