{
  "accuracy": [
    0.6857143044471741,
    0.8714285492897034,
    0.9142857193946838,
    0.8999999761581421,
    0.9428571462631226,
    0.9142857193946838,
    0.8999999761581421,
    0.8857142925262451,
    0.8999999761581421,
    0.8857142925262451
  ],
  "loss": [
    0.6609399914741516,
    0.5316824913024902,
    0.41317111253738403,
    0.31227144598960876,
    0.25746411085128784,
    0.2505122721195221,
    0.25727301836013794,
    0.2753392159938812,
    0.22664125263690948,
    0.22961856424808502
  ],
  "val_accuracy": [
    0.8666666746139526,
    0.8333333134651184,
    0.8333333134651184,
    0.8666666746139526,
    0.8333333134651184,
    0.8333333134651184,
    0.8666666746139526,
    0.8666666746139526,
    0.8333333134651184,
    0.8666666746139526
  ],
  "val_loss": [
    0.5705443620681763,
    0.466138631105423,
    0.37324753403663635,
    0.3327021300792694,
    0.3493331968784332,
    0.37441664934158325,
    0.3710781931877136,
    0.367862731218338,
    0.3810974955558777,
    0.3785279095172882
  ]
}